filepath,mfcc_0,mfcc_1,mfcc_2,mfcc_3,mfcc_4,mfcc_5,mfcc_6,mfcc_7,mfcc_8,mfcc_9,mfcc_10,mfcc_11,mfcc_12,pitch,jitter,energy
data\Audio_Dataset\Real\Telugu\7179.mp3,-244.8235236353933,115.31493384570946,-36.130865330453254,17.403944449322243,4.225988045189224,-28.706880768436246,-10.952478650708818,-31.0688840893533,-26.06928431552344,-5.023443675649943,-11.118414510727337,-8.503354172178467,-10.532316162482774,0.0,0.0,0.11616857879337944
data\Audio_Dataset\Real\Telugu\7267.mp3,-229.6999536021227,92.44701486767283,-29.43642827206839,15.370167335463707,-2.360683085906961,-31.804341943973043,-17.531350408107386,-10.398071482443516,-15.323995999991121,-8.669602990482694,-23.11187001631063,-11.968543695562913,-12.126383822065048,0.0,0.0,0.1270982880845283
data\Audio_Dataset\Real\Telugu\7280.mp3,-236.56950153812838,62.29764133761098,-13.973178017663711,30.910843721979518,-26.98273384646464,15.35748384127344,-22.1878227985871,-4.7748397797720825,-13.031047758720542,-2.3488917864743857,-6.662773911054052,-6.570321144213267,7.253033842652212,0.0,0.0,0.1375451421042988
data\Audio_Dataset\Real\Telugu\7303.mp3,-230.6324030076252,128.76778230257267,-1.7226315886627896,48.68833583553511,-7.172796592290799,13.264127360443558,-6.444497799654172,-11.400170558849418,-3.757563963279239,-1.4366898769776033,-7.24175956946995,0.7474132233534878,-1.2018214199825903,0.0,0.0,0.15141070573098558
data\Audio_Dataset\Real\Telugu\7364.mp3,-234.6359246064399,61.36400539540035,-2.3661852881530128,49.80920932791897,-35.877471963733356,10.69557790565701,-19.42343289372227,-5.9860502193553895,-19.91698883608293,-4.939082998357722,-12.608407667478206,-6.186525089303716,-2.3323089230251437,0.0,0.0,0.14677277965037142
data\Audio_Dataset\Real\Telugu\7445.mp3,-175.19499008078105,78.71570076081225,-9.982743351110402,27.76373708345651,-30.362390391092905,-1.7565542873700575,-37.00027786895929,6.300051594722514,-9.33967744550003,-4.60686445011918,-11.379185325627699,-5.827968409324201,7.4469152111718335,0.0,0.0,0.16131863675715227
data\Audio_Dataset\Real\Telugu\7458.mp3,-241.9525505495951,49.66316817005342,-23.630468394573708,38.474162923898696,-38.920568338254945,-5.173542308973984,-29.961082891909815,-6.404834711681819,-15.05032944525923,-11.639858770909033,-11.959306392667433,-20.2462418251278,7.34057875813273,0.0,0.0,0.1454768941111511
data\Audio_Dataset\Real\Telugu\7558.mp3,-250.60972912631033,59.3650515241438,-8.660299093090616,33.25605034939176,-35.81584981368606,-13.280840853048112,-30.415205897178737,-10.342569156604972,-20.376013415378903,-6.49395187311879,-10.18062889933348,-11.328749946335256,0.14132177472491017,0.0,0.0,0.13320309807901246
data\Audio_Dataset\Real\Telugu\7598.mp3,-249.79533390755344,63.78849757480105,-7.8432559960256025,34.494162605136815,-34.14405061885973,-3.703737282064513,-23.39193707753481,-6.114466193020311,-11.192494105493987,-7.29777674159612,-14.594967775377514,-4.973742930387514,-1.0811793736420257,0.0,0.0,0.15112624537014108
data\Audio_Dataset\Real\Telugu\7618.mp3,-246.81254581885537,89.2913907543926,-25.08848777161503,19.372986637982724,-22.732710566981893,-13.139833303605215,-24.033073906034513,-21.3938569709722,-14.81936342381376,-1.5552127557628836,-21.98785435877969,-9.829149697425992,4.114825456603875,0.0,0.0,0.15411875653905077
data\Audio_Dataset\Real\Telugu\7652.mp3,-270.9676055991551,63.618376769467595,-5.4289204041037715,39.47744990893294,-43.470931979363314,5.700540080129892,-27.43883302853607,-5.332853228894224,-18.426298668323607,-10.986535639696093,-13.621470975424229,-14.997627256620701,-0.5174897677526431,0.0,0.0,0.16028176234295255
data\Audio_Dataset\Real\Telugu\7717.mp3,-262.03814205844844,58.59561158536683,-0.6617900276079144,31.331929808873564,-22.568986339694792,8.536659075670023,-16.97718745220866,-8.734801821576973,-7.4572339129069105,-5.37065115365034,-11.070045780277747,-9.253196994736381,2.9633043273698707,0.0,0.0,0.14060019945368635
data\Audio_Dataset\Real\Telugu\7774.mp3,-288.71705908066787,102.80895909532902,-13.265570657268713,25.059388783095017,-2.943608075279484,-12.902389369248905,-8.109707507332152,-30.478745244239487,-28.11029623623955,-8.930644523092765,-8.78877709815477,-10.0668983870586,-15.036284730158236,0.0,0.0,0.08534382855140125
data\Audio_Dataset\Real\Telugu\7779.mp3,-394.57460433997636,32.93027128164358,3.538774378514769,13.287401103518219,-2.0810664636833853,1.2036878478657032,-17.452582895321314,-7.294362419094254,-12.2757654048336,-6.794962777901719,-12.399891107263766,-0.12447686825466465,-2.4986617980993766,0.0,0.0,0.1338619857355624
data\Audio_Dataset\Real\Telugu\7783.mp3,-305.7628095249037,51.985574950235275,-11.859328996308733,31.95500434791574,-26.959861262187786,-1.247779533395417,-18.12634704053246,-5.52659824656276,-11.591043234413645,-4.087182744687583,-5.501398909155776,-6.174512135787487,3.9930247539911354,0.0,0.0,0.10556582780084532
data\Audio_Dataset\Real\Telugu\7816.mp3,-235.35983065960193,97.31779111378665,-18.56066775498556,26.174692703667688,-21.660413499659967,2.6063283093972327,-26.588702976591183,-9.9728823296598,-8.783926419533897,-7.286529374351556,-7.302208672813784,-10.991969093862608,7.443490875329516,0.0,0.0,0.17803765309121256
data\Audio_Dataset\Real\Telugu\7820.mp3,-277.3616435367511,55.398386902301496,-2.7827503456392977,30.490463853465045,-23.133097776110873,-12.979248779960253,-17.867449572625603,-7.065488432850794,-19.111199045458807,-1.187732586059602,-8.020480553556,-11.127372328084057,7.451080704410003,0.0,0.0,0.13576252178530862
data\Audio_Dataset\Real\Telugu\7833.mp3,-239.24897386760162,114.43802303067368,-16.092863833034425,11.357768320232545,-1.5785552696823146,-24.525638213850215,-25.479023639854457,-17.505769537211254,-18.846132272648155,-8.00510848798599,-13.12544291863743,-8.784206725989948,-16.653194224585963,0.0,0.0,0.10363046623123282
data\Audio_Dataset\Real\Telugu\7894.mp3,-223.64236224611813,115.32005636419835,-5.939408104721177,50.64693460866181,-17.504178942440333,9.130450725613478,-4.89512902084972,-10.711950665046379,-3.232273248118381,-3.25562045649998,-6.923804505150374,-1.0051476340057381,-2.360659959825876,0.0,0.0,0.15524900021007687
data\Audio_Dataset\Real\Telugu\7934.mp3,-290.4044777127451,63.286759415009584,-17.46928183759183,37.794516677104426,-36.869669974205095,-1.0859245971063325,-24.847286406786555,-9.3443903921446,-17.730676960868376,-8.71718678125883,-14.215309528285115,-14.366064950134145,-0.2165212031664531,0.0,0.0,0.1301135923189544
data\Audio_Dataset\Real\Telugu\7979.mp3,-377.9758777082923,33.31917658264916,-18.104958291780083,17.17155938858083,-17.81687359298229,-8.567716575147887,-15.379249220804054,-7.771240403949207,-11.543164123559652,-5.079802801276034,-5.7743541470517865,-9.627416922059593,1.3973676416032927,0.0,0.0,0.10364591900086331
data\Audio_Dataset\Real\Telugu\8002.mp3,-255.24690760581993,67.42160688469167,-13.476349824335466,38.88029181846792,-29.454397356799465,-1.8097589350953704,-22.084144090995633,-6.286492321199625,-17.131378643560364,-2.7069275802722195,-6.989446108390586,-11.285580267642374,7.689448992490541,0.0,0.0,0.12160694413967241
data\Audio_Dataset\Real\Telugu\8004.mp3,-247.35220454446673,64.03133707103562,-1.7681536969379017,21.528059673960886,-25.973124709582837,6.497870804755187,-20.475362510422645,-13.534790954835875,-13.241706380519323,-6.267516140489678,-15.265191227389556,-8.055857883136587,-1.2189615982132829,0.0,0.0,0.1607468498300512
data\Audio_Dataset\Real\Telugu\8005.mp3,-290.2731103568453,61.907257555188316,-12.275980958064778,34.96630399120045,-24.34571284707168,-8.36373184290388,-24.390749950693596,-3.924737420707577,-12.19268886781258,-6.034700677527373,-9.590639440827747,-6.648181122428675,2.6340956551098285,0.0,0.0,0.11176271347352938
data\Audio_Dataset\Real\Telugu\8022.mp3,-273.8635430473523,91.37338962279942,-11.06142294378719,29.543351575875796,-19.315711999433532,5.233140871945995,-16.246456770780412,-6.151653857345321,-5.460499052056192,-5.844849184895733,-8.578301264512787,-3.5015582443014726,0.4639468907791402,0.0,0.0,0.1406012866278136
data\Audio_Dataset\Real\Telugu\8032.mp3,-209.17632279577847,79.065619438118,-19.524823372557428,26.574508444865682,-34.035031588921825,6.759057883511199,-32.91308999881809,-5.090195211929575,-16.991542318267587,-4.479538937711413,-17.57863163419165,-9.623976218136269,1.6412684124323151,0.0,0.0,0.1595794533084975
data\Audio_Dataset\Real\Telugu\8047.mp3,-263.72505704959036,85.12728181680787,-30.76451615541905,21.562380322873373,-29.856797239095044,-15.328815013520291,-15.090531289331718,-21.801549408947817,-16.54312506159877,-6.584721829110023,-18.09603834865692,-11.16522056256487,-0.6813638920798262,0.0,0.0,0.18319127975734967
data\Audio_Dataset\Real\Telugu\8051.mp3,-299.7177070071767,57.82631277671011,-20.305070721885297,29.00983680539388,-22.1794439956753,9.473993588392068,-22.649972468698223,-4.284547540702588,-12.36360152469154,-4.86225006992212,-5.94342607605174,-7.502301440969159,4.831735887272212,0.0,0.0,0.10292157445093951
data\Audio_Dataset\Real\Telugu\8072.mp3,-262.7744110695172,69.61766834340554,5.480920419702814,44.19286796554088,-40.32842166199519,12.724740614555287,-24.815339716111154,-0.93563007761876,-15.006160555523689,-2.828173260856752,-8.745085210084616,-10.543560597984671,6.462985173731464,0.0,0.0,0.11546326153135458
data\Audio_Dataset\Real\Telugu\8077.mp3,-248.56277507616142,79.01367287433678,-17.58812629683976,37.10803240417507,-22.85236341266468,-7.73775870649699,-13.830105566800121,-3.679200811760585,-5.851285871338098,-8.359494653527248,0.24647927715072535,-16.603956507179173,9.29412097526368,0.0,0.0,0.1647637887369187
data\Audio_Dataset\Real\Telugu\8089.mp3,-226.5530085773913,61.93477581901212,-22.535480561814087,40.92381613170758,-35.85304980539242,12.381321317574626,-35.919851662114446,-1.2528922240121205,-12.798576587630716,2.694546768105584,-11.589535581872964,-5.598949046174666,3.5411736835729366,0.0,0.0,0.15183351238685922
data\Audio_Dataset\Real\Telugu\8106.mp3,-224.88164203522066,42.94398993703812,-14.8678769968188,61.317586596457204,-47.94707091989252,-15.172361460599895,-30.270821983513596,-4.150634352480824,-20.82411942478881,-17.603874028049706,0.6343824356087203,-26.2171030255568,8.567490552347346,0.0,0.0,0.1551938668199192
data\Audio_Dataset\Real\Telugu\8118.mp3,-238.42481725405312,85.09907292382574,3.199374507303303,42.716244479942794,-40.53112920783043,-3.934020151050574,-22.633026775901172,-14.983691041078046,-25.29066062239369,-12.199204576543284,-12.758172198133744,-9.457018195177517,4.617888779187192,0.0,0.0,0.172168106179366
data\Audio_Dataset\Real\Telugu\8119.mp3,-342.27931710631225,130.31388780724856,-20.820239369747394,15.414313580269868,-1.787573649695542,-27.614205864642617,-13.643127097464161,-29.878900179824367,-17.762378970221533,-4.018571947835798,-17.24929305261643,-10.001090749329425,-11.09954548384229,0.0,0.0,0.09858170754572672
data\Audio_Dataset\Real\Telugu\8142.mp3,-283.3699097467245,126.96606244919037,6.5715119889054305,33.4277046715403,-10.503279118240147,14.788226803617823,-5.000322800102273,-7.3706298651674995,-1.5195462039348835,1.2288472196636462,-6.666279072078362,1.6410089914355013,-4.513187355749648,0.0,0.0,0.10759935298256186
data\Audio_Dataset\Real\Telugu\8220.mp3,-213.27567953331038,114.2557376100359,-15.215760150400861,14.580760837898294,-6.133153743959832,-23.428661364737135,-20.794931380953305,-29.581053497211727,-17.189173112400837,-7.5548750803377445,-23.25413955761591,-6.007916240029992,-12.559672899855094,0.0,0.0,0.1250285729790557
data\Audio_Dataset\Real\Telugu\8229.mp3,-266.10521999905603,65.19910899383646,-28.370337649322348,20.252566609002745,-35.32487613566605,1.6263321929112222,-27.830982739743824,-13.886814479152351,-10.77554144604215,-12.192362489859333,-11.521040673400007,-12.857637620647669,4.077252183384924,0.0,0.0,0.1699442457872237
data\Audio_Dataset\Real\Telugu\8232.mp3,-208.42198871931868,64.41382265462839,-21.83194577231155,41.68471428320375,-39.08714325246836,6.662064018929211,-27.474750345003137,-11.84279981940122,-18.242111570534167,-11.520913052319774,-13.552245908951992,-16.035483753246528,6.566911368586145,0.0,0.0,0.17066941102758298
data\Audio_Dataset\Real\Telugu\8255.mp3,-242.86355545917394,69.57206761885104,-5.257707369784525,31.31201089206803,-27.60066296484917,3.7962256132943084,-22.133999444508635,-4.888376866075521,-14.538745355966459,-7.18325759950163,-13.75165542538742,-6.427622706646005,-3.441233746745152,0.0,0.0,0.17556704018034613
data\Audio_Dataset\Real\Telugu\8282.mp3,-184.9831856015219,79.10804306861804,-26.544626359743,27.54895277364444,-35.046384762330675,-0.4166205305501762,-43.62065363005861,-4.938096108097795,-13.271897439083522,-10.918756279286937,-19.707658542389662,-12.234788746480007,9.100451537942236,0.0,0.0,0.16504667859411212
data\Audio_Dataset\Real\Telugu\8335.mp3,-257.76023791476615,68.69545282569216,-9.499111652919886,30.899001148489194,-27.267619325818032,-11.876241963602691,-27.326947479227627,-0.6574099219323906,-10.79910871945117,-8.123198952576937,-9.395693861888764,-13.518578591173155,6.248406634457175,0.0,0.0,0.1161951633492604
data\Audio_Dataset\Real\Telugu\8337.mp3,-269.03593283593193,128.81767535308563,10.269284886659412,50.3347538464023,-9.25184314876926,11.414662514757552,-1.3058978663758214,-8.844961967043979,-3.9172770528468743,-2.309186407687131,-5.271874502462618,-2.7537345279364622,-1.3567008982610882,0.0,0.0,0.14707498030694155
data\Audio_Dataset\Real\Telugu\8352.mp3,-169.79077040301587,120.60622063879985,-4.639280896810621,30.129736126713894,2.8442626921831744,2.525493204285623,2.869700801441553,-15.118318897192639,-8.486121904468195,-1.69864163762315,-8.907318549767801,-1.4777528754760307,-3.2093379834216615,0.0,0.0,0.15902749221212847
data\Audio_Dataset\Real\Telugu\8353.mp3,-236.04964237819388,113.27909254958239,-4.883828715998516,63.15094598471254,-23.991093011017924,13.777304429287554,-9.865826049169973,-7.811990980835932,-9.01072515341862,-1.9920839506445545,-4.70811464413086,-2.462391466318674,0.8881100946847577,0.0,0.0,0.11282101270946762
data\Audio_Dataset\Real\Telugu\8364.mp3,-250.1840398862036,88.82161777751776,-11.025679591655626,29.061959880185434,-3.157157978763981,-17.02385507481952,-14.602449590584083,-27.305701311098115,-24.852333451980627,-13.19937540023942,-19.009843237919117,-2.6591859522440835,-18.094154224894396,0.0,0.0,0.09246396737288468
data\Audio_Dataset\Real\Telugu\8415.mp3,-266.8507123167722,55.766661761879334,0.3451840437538068,30.26775740398041,-28.599477561766363,-0.2961109155282762,-28.459370175119364,-11.338996638957369,-16.711501453527138,-6.726074935110584,-8.007632879422303,-7.266056380749264,1.9912216933194054,0.0,0.0,0.15975081365941962
data\Audio_Dataset\Real\Telugu\8432.mp3,-230.01453044818186,128.39855586024382,0.2964841297927733,28.321872044786797,0.004211073925047397,-0.9050417137833384,4.260764398467504,-8.608439841479367,-4.92904361775901,0.4270166508236495,-3.2655338045460263,-2.3397120393223045,-1.602448018566019,0.0,0.0,0.15756693313683404
data\Audio_Dataset\Real\Telugu\844.mp3,-218.11672147278105,73.27492246215805,-24.834341832054495,41.67582935061116,-48.52345923466115,4.3956066096370625,-39.013822397538156,-7.740662705826892,-18.914074800991127,-9.838899346098843,-17.966128815062532,-13.453282375040258,2.0677305753733393,0.0,0.0,0.17079135818419552
data\Audio_Dataset\Real\Telugu\8443.mp3,-237.17715574703567,56.477817100554965,-17.360831385104575,16.51268554464807,-38.68620282416731,-6.47392470111657,-33.12570075019629,-15.705753605184249,-22.842076861222008,-15.406421404745037,-15.848434668541522,-15.004099632089723,1.390428735474511,0.0,0.0,0.20687410276582144
data\Audio_Dataset\Real\Telugu\8444.mp3,-243.34584082988135,118.23217519095826,10.707174663913914,45.46981860875962,-8.829615761924535,9.459684980518725,-4.1387676982279515,-7.373227038025063,-3.352874221149549,-1.9022953995981209,-5.381721611962236,0.02689463923214645,-3.6122955390114506,0.0,0.0,0.14191835587271143
data\Audio_Dataset\Real\Telugu\8461.mp3,-197.9960796034833,67.00111773465925,-0.456366037388691,30.670098934234122,-33.1575653236671,7.409242915011648,-25.661507554241698,-5.640415227635694,-16.90606824167192,-6.763925480147773,-11.106505810941899,-12.533030572188085,6.274339427725443,0.0,0.0,0.19395062601272753
data\Audio_Dataset\Real\Telugu\8474.mp3,-303.7338476645395,73.894651903355,-5.621612282030257,33.62608905049457,-35.24837875341515,4.700218017094308,-18.265732831562854,-14.59225929104005,-14.72868578310724,3.0321936239515113,-13.00447869787736,-7.753176608833948,5.486762106239073,0.0,0.0,0.14960149585139135
data\Audio_Dataset\Real\Telugu\8557.mp3,-242.24998810223275,63.28785367275998,-22.483635082309668,23.348811643344384,-24.449762374340178,7.993844692852447,-24.425282732438546,-5.091665717499113,-10.994558681723753,-5.723214897846743,-15.443885958988462,-10.614550476996538,1.0335770706599328,0.0,0.0,0.16357861069365137
data\Audio_Dataset\Real\Telugu\8565.mp3,-222.820638299875,111.09279900101068,-24.915991986382497,22.190813877663043,5.469460706406993,-17.92288121173525,-21.678090284813425,-28.28579303670899,-25.316003262249406,-1.350538409012223,-10.823917252958214,-14.583722405639552,-16.60457531301122,0.0,0.0,0.1033272520183722
data\Audio_Dataset\Real\Telugu\8575.mp3,-214.77786686571773,74.41361566939267,-37.45468335443114,29.92393677989419,-29.66735442736168,-7.735748057570841,-32.151514631024135,-12.346649427362586,-9.132887335574583,-13.844405246315187,-11.943941486906605,-12.883433603524379,2.8816974464658585,0.0,0.0,0.1774470509051722
data\Audio_Dataset\Real\Telugu\8585.mp3,-281.3425240261439,118.91494788533906,-4.144121348240917,34.573792941098866,8.289798975091431,-0.8569537980568439,1.2603721021021268,-4.574964966727273,-0.6797868832122874,1.6211064931834496,-0.2242931925735787,-0.04235595416458128,-1.4134067906235874,0.0,0.0,0.14636285489264436
data\Audio_Dataset\Real\Telugu\8592.mp3,-160.1556310447923,107.92375770583735,-14.829083585238692,35.59859631048641,1.442822766078347,-10.211674343232604,5.205845119848038,-8.243896164120383,-10.284638683703342,-1.1995832588972246,-8.70795307820846,-4.619933397451846,-5.3611174689667935,0.0,0.0,0.17940577639888022
data\Audio_Dataset\Real\Telugu\8598.mp3,-228.34002331603506,125.58721080551496,-11.123119265749128,34.29566485700816,5.590124499875222,-4.226386223180328,-1.6758723407967135,-7.526539400354277,-0.014425584125137322,-7.83214612046072,-3.372089964883931,-3.6819996219073032,-2.761807625072434,0.0,0.0,0.15709634434491837
data\Audio_Dataset\Real\Telugu\8609.mp3,-277.4944364299099,115.44252990324286,16.773728336415427,52.73723714093104,-6.742967186831961,6.501670124314648,-0.9733037406092797,-7.5756369179488825,-5.3399463508356275,-2.2011445479738527,-5.587563968556555,-1.754116627594687,-2.9101442008811236,0.0,0.0,0.12681469895621583
data\Audio_Dataset\Real\Telugu\8616.mp3,-231.57836298266002,57.109527355369515,-9.338027589795203,18.26826856243493,-21.785885079264833,-17.671359837813185,-30.658411092866846,-2.8898299701527597,-11.293072775382642,-8.639597778146207,-15.384631513048085,-11.229914873826784,4.67382562571496,0.0,0.0,0.1390978065257994
data\Audio_Dataset\Real\Telugu\8645.mp3,-246.03175990711347,84.83140208713795,-28.549457692916576,29.107894993523843,-31.043262679381595,-11.355277418608258,-27.332644458010975,-12.423044532116474,-11.035429389935757,-15.803980985742685,-10.067477604795272,-12.14857314094687,3.7579422713109647,0.0,0.0,0.17358327464460666
data\Audio_Dataset\Real\Telugu\8664.mp3,-250.29141559674213,131.73126887526107,-3.665635132572707,30.92162775415469,11.880518466221417,-2.260155996439106,-4.140170762837877,-8.242037647412422,-0.05185850983664954,-8.271815840221217,-4.980772898948362,2.729637283937034,-6.562055720624847,0.0,0.0,0.1532657475012405
data\Audio_Dataset\Real\Telugu\8725.mp3,-241.71328537842192,122.50158802229105,-5.354418407532182,23.680547925168966,4.1540929400629025,0.6848930879091969,3.2093607315306585,-6.1583185405475955,-1.2515082222201914,1.6043916436284376,-5.574750588489504,-1.203957409720642,0.43445580958473035,0.0,0.0,0.13917807964661993
data\Audio_Dataset\Real\Telugu\8731.mp3,-226.26446214309777,55.36553903369608,-2.5741467318852074,36.89046755571648,-32.99025437745911,-6.727530184731671,-28.20119709170109,-13.871930220912503,-16.158404989328147,-9.193137966982091,-11.659100913550459,-17.340686924513424,4.624191681353447,0.0,0.0,0.16986279603223656
data\Audio_Dataset\Real\Telugu\8736.mp3,-289.5730715665056,112.7940635335903,-7.93515973289002,39.84154259964787,12.066410938265383,-2.3321594995092463,-2.9362540777267796,-0.689969702231366,-2.0908833048561326,-1.053649467289449,-8.557291534350403,2.887635379750127,-3.6816656199257807,0.0,0.0,0.10044031082573282
data\Audio_Dataset\Real\Telugu\8789.mp3,-222.2222879415396,59.5084964989961,-10.075496357709948,14.48664556801697,-20.704547055463898,-14.71255676638682,-15.20940957970142,-20.139683158334957,-11.300829636907066,-14.102249015528672,-7.171217486806718,-11.852458467861995,-11.666235065677975,0.0,0.0,0.18959436237007868
data\Audio_Dataset\Real\Telugu\8792.mp3,-254.46810854112758,112.62555210016154,15.773016701127373,54.17285066947021,-7.298811696904242,9.68096767701277,-4.792026297487175,-9.939965377318488,-8.923076423526956,-3.633733585613519,-5.688494320709744,1.7742119116830073,-1.774130094849183,0.0,0.0,0.12499473727059447
data\Audio_Dataset\Real\Telugu\8807.mp3,-212.13790490050647,130.7606224082203,-11.868969562026091,44.09106899853997,3.0759141436792103,-11.120374033533704,-1.1704371381764473,-8.944317498209717,-1.0021610415469544,-8.455733891050004,-7.498076512001158,-2.779673855530286,-12.539555790552187,0.0,0.0,0.16879711600386754
data\Audio_Dataset\Real\Telugu\8809.mp3,-229.9899377692288,56.6625797450719,-38.96061950659416,24.456445826795935,-43.34322744440718,-10.011403852037516,-30.45488593235487,-4.360801357185568,-13.614128783601902,-16.09432056151409,-10.27210003045708,-15.511844782987081,0.6460412101551802,0.0,0.0,0.13507546715504692
data\Audio_Dataset\Real\Telugu\8842.mp3,-332.55790318401,64.20152891661147,-20.396149400746967,23.36849712169949,-11.169488361326069,-4.433318479908949,-8.659353539322082,-17.871744996723848,-4.4433041017149835,4.079580742004305,-9.657841264458336,1.6805842490884217,-9.716179936730258,0.0,0.0,0.13056652776170888
data\Audio_Dataset\Real\Telugu\8849.mp3,-223.71794161683735,55.020069050749605,-7.0795785131042495,36.46915873114738,-33.10704103635293,9.700816175095637,-34.237041985214255,-2.3762765858420805,-13.71156087797712,-4.70754454894603,-13.232707945664014,-11.888657578019838,4.138743761896955,0.0,0.0,0.146292199541751
data\Audio_Dataset\Real\Telugu\8885.mp3,-215.93190340602862,64.91122694498958,-7.018340796015005,34.60081387894189,-22.758681616415846,10.744287987107125,-24.735902854853318,0.20565992965035976,-7.7471139411779015,-3.134687620979741,-10.139651157416639,-10.997292844803741,1.5040041499435655,0.0,0.0,0.1878717194563664
data\Audio_Dataset\Real\Telugu\8891.mp3,-314.8787302338269,48.70851316375399,4.9372433905493756,38.586434782507055,-29.529658440819404,6.276678248485652,-16.658339311932902,-3.1243074122183554,-10.459740691124868,-5.803142474086493,-5.175305605463438,-10.961109568701412,4.963928284722345,0.0,0.0,0.12682555793355044
data\Audio_Dataset\Real\Telugu\8947.mp3,-308.25087266571074,57.954087904277856,-9.944495528668,36.511471651407426,-37.83499850944412,1.7015277908339275,-23.01081975743662,-14.620630585499214,-16.564885154069948,-6.48370809138711,-6.574616470641944,-15.069422148462253,8.02901914091182,0.0,0.0,0.10524980054075406
data\Audio_Dataset\Real\Telugu\8968.mp3,-230.81493135929463,73.83792977750393,-20.09089732228232,41.98307419395736,-37.529724285737124,7.411248749063632,-25.649652250498427,-2.3505217342230753,-11.88450048415733,-5.617203271852891,-10.640919885469735,-15.7576882362298,5.856932335862281,0.0,0.0,0.14764643744390185
data\Audio_Dataset\Real\Telugu\8971.mp3,-226.17273602923385,67.0499273927742,-18.891421956096636,40.59034429649908,-37.44161660153897,11.003375723032113,-27.27095860193035,-1.64731025713153,-13.369144471097856,-2.7165179596007896,-12.840295819779321,-14.799731081192663,6.195159657107217,0.0,0.0,0.12946113793865915
data\Audio_Dataset\Real\Telugu\8990.mp3,-316.43512906122925,37.65527707168035,-11.201787878729101,26.319457229807202,-20.837472979378333,4.348981074493117,-24.771089805374313,-8.384129911733199,-14.351814927237312,-6.2933070923753665,-19.331622026886713,-1.2929698807840737,-5.537496075505018,0.0,0.0,0.14266878821375892
data\Audio_Dataset\Real\Telugu\9011.mp3,-190.28726921487947,108.92883048123478,-6.23449228188902,49.700994394930106,9.224489809882936,-10.971555011050162,-5.79221555540228,-3.2435024273930853,-0.5839278591073623,-8.152559441077571,-7.180446494377465,1.9780756276134186,-7.862897231362958,0.0,0.0,0.16263241577718276
data\Audio_Dataset\Real\Telugu\9026.mp3,-275.6942953237679,92.62780140954573,-15.907451556423322,22.44895212164748,0.21094885769807967,-0.6880449300763576,-6.5801338430183,-16.26799290267329,-8.355714723136876,-6.780723974395965,-6.253762982072944,-8.735777731116558,-9.494679708031859,0.0,0.0,0.14231662590950434
data\Audio_Dataset\Real\Telugu\9031.mp3,-233.43386458712425,62.7367569185071,-15.147110352646514,38.98824731680143,-48.07092219677777,-7.6189872722035386,-34.31744146110715,-3.2754062840728677,-20.563315575532755,-7.534852046371838,-6.004902090795929,-17.62262510763811,4.101239023938422,0.0,0.0,0.168418877632343
data\Audio_Dataset\Real\Telugu\9040.mp3,-271.89728548983675,58.22239170836358,-6.957093146226317,22.107203140559992,-30.940330114489537,8.301565085322922,-22.578735880049884,-6.787558234163317,-16.069535318679876,-10.735092884022452,-10.276756183856536,-8.741043530497082,1.2404790918127093,0.0,0.0,0.10595076607187703
data\Audio_Dataset\Real\Telugu\9059.mp3,-268.10774261198367,67.11133344180686,-24.147186735597252,27.153490577487016,-42.71597473858338,6.284627628048183,-33.99209771006848,-14.304597299657225,-13.975108132384866,-4.395217672171192,-20.128982892640618,-9.80440203070223,3.2753772176260614,0.0,0.0,0.13951342571114125
data\Audio_Dataset\Real\Telugu\9083.mp3,-242.42948213664147,101.89321608164315,-24.595231001742448,20.832117046091263,-4.863692186516764,-18.314268929522804,-12.155864903765725,-32.069685921464085,-24.37617449155322,-2.2972628420770977,-16.96613025446429,-4.435229894457168,-14.805839540265348,0.0,0.0,0.12229757518220462
data\Audio_Dataset\Real\Telugu\9104.mp3,-209.75047547501507,112.37174903979357,-2.5105904583516234,29.406055256871316,0.22624570229535942,-5.48204563190863,5.872625352825937,-17.1311967425047,-1.8405633134070514,-5.231981046711648,-7.045159579903352,-2.887324020243701,-9.219242474941687,0.0,0.0,0.13038010741236444
data\Audio_Dataset\Real\Telugu\9154.mp3,-229.04127783154175,91.0397855998167,-14.112581435458482,35.2052658808819,-20.259881608027694,17.131147904779862,-13.300135696924022,2.5667278604989385,-4.528284807192928,3.930822818776533,-12.29619503238167,-6.0001733319413795,0.12535271444480073,0.0,0.0,0.16806020664314378
data\Audio_Dataset\Real\Telugu\9185.mp3,-275.04630076442425,64.10701824617107,-9.790763477605756,32.87288661271345,-33.63161039398919,0.14454526011451427,-29.27761888974047,-16.31939652801542,-15.61079608412917,-8.488308187866732,-9.044192341715037,-17.02779253980292,5.959057311884746,0.0,0.0,0.13846200502607345
data\Audio_Dataset\Real\Telugu\9224.mp3,-273.4959771818783,54.999592800014256,-11.033166513974326,33.75658498257881,-44.76644719314718,0.4926855523514938,-32.41939581779187,-6.310744693506353,-19.630313550979665,-3.832733812511841,-15.100268066939172,-7.925929184878189,1.6001954712657327,0.0,0.0,0.12422966387358127
data\Audio_Dataset\Real\Telugu\9246.mp3,-248.99139465964552,50.95013864610043,-41.90148945546958,22.11244846501004,-48.351634866960296,-5.823225951508198,-34.06746200827646,-16.161888406402806,-9.221426057387951,-16.690343307640674,-5.480836991322367,-24.199723935695513,1.1925026020208738,0.0,0.0,0.1275169368051495
data\Audio_Dataset\Real\Telugu\9263.mp3,-205.71225062907854,93.79575864094552,-9.09387506331439,30.97894563391209,7.426769916981593,-3.221411256227775,-5.9228107389322115,-7.285279995505823,-14.098443306598805,-3.776191186135142,-3.0668289996066247,-4.944627779185372,-15.91787491822596,0.0,0.0,0.11830910452928534
data\Audio_Dataset\Real\Telugu\9266.mp3,-227.62168223915398,70.37552237158066,-19.85848544064431,20.03404799378472,-29.989674060083978,6.896901421833515,-27.467006748789736,-5.61274588744927,-11.927065464587862,-8.241027097084999,-16.506450555537906,-9.615297951152819,-3.0341004916544336,0.0,0.0,0.15163389183669862
data\Audio_Dataset\Real\Telugu\9271.mp3,-204.895792533718,57.604800967317104,-7.2069459010286785,12.61705720230389,-11.962571328147881,-13.42042643898851,-9.630643347753692,-14.043315164771933,-13.442403503640811,-12.08291575797923,-12.221913749743162,-10.634865411615728,-12.311182478666415,0.0,0.0,0.20274827682251773
data\Audio_Dataset\Real\Telugu\9301.mp3,-188.80082848359612,116.7337578982201,-15.967681137732432,27.28054476088991,-0.8462676505209911,-3.6777932215160254,5.642159518314732,-13.001626109981656,-9.422526132526745,-5.385116505225211,-6.750094020175772,-5.7988362396617585,-6.959064931921738,0.0,0.0,0.14704303056293763
data\Audio_Dataset\Real\Telugu\9312.mp3,-253.46842637171315,76.95397316982626,-7.80358306114642,14.810024961495659,4.663428914203291,-2.6504731861054722,-4.8432635023940644,-7.737894576291596,-8.647977886500096,-1.7189014878402284,-3.0506710154420316,-6.567392758168842,-8.372203326857196,0.0,0.0,0.14557879064768708
data\Audio_Dataset\Real\Telugu\9315.mp3,-216.4886194195407,128.69635348845944,7.672326886231842,25.130855328016807,-10.489645526955204,-1.6614141719405116,6.562303861383429,-9.41638308364449,-9.63630877524973,-1.4970435522619887,0.8467144871914019,-6.38069895936162,-3.819040053395222,0.0,0.0,0.1804489423428123
data\Audio_Dataset\Real\Telugu\9348.mp3,-230.89035881668408,120.39959396478018,-22.624749343481543,0.5435952702717864,-10.731571912768322,-8.449464606726833,-7.799996391273398,-30.144150804041253,-28.250405604708796,3.3566484848839573,-8.801432576433857,-12.670255057704734,-16.170320627655745,0.0,0.0,0.11605953417941142
data\Audio_Dataset\Real\Telugu\9351.mp3,-283.4085791672767,62.347595859408464,-6.129114161366437,40.07602343213822,-44.64843559717387,1.3435078832985572,-23.44284203251128,-8.765374205279246,-15.47968153865163,-8.98452974331126,-6.528666451919291,-13.75470277118049,2.140424291605645,0.0,0.0,0.1385641886538713
data\Audio_Dataset\Real\Telugu\9362.mp3,-205.33088434504302,60.026478205775675,-27.783905860428675,44.26152826385536,-32.11535709815646,13.96000975499378,-27.583823065401557,-6.224183784088562,-13.213102173270109,-2.1312752463177937,-5.85837170171825,-8.717055851595228,5.307156601646638,0.0,0.0,0.1741953650983275
data\Audio_Dataset\Real\Telugu\9411.mp3,-198.6339432466077,78.70033377210123,0.9837850869559839,33.25387146699471,9.752016915541413,3.4350658901433073,-4.6228315302060485,2.531293715035516,-8.16285299082014,-1.3470884748848315,-5.21138534394966,-10.014706279615302,-12.709902027039798,0.0,0.0,0.13251257681427633
data\Audio_Dataset\Real\Telugu\9424.mp3,-212.74771548431127,118.47504723224759,-17.411944308706698,27.76449612610101,-1.0922771058655074,0.4192114873077382,-3.0586757092604286,-11.217457497909713,-1.1521400592407958,1.3857025870776825,-5.945893044420897,-4.905467423375609,-6.41180957543268,0.0,0.0,0.14398253236905295
data\Audio_Dataset\Real\Telugu\9425.mp3,-184.2673088729511,66.03243269859101,-8.550321960885691,36.16275691712266,-40.78646078557758,-6.131962786664405,-48.148924217985666,-2.385153428187044,-14.043153006764364,-9.767606190222311,-14.999646687471657,-15.418321368000495,8.210247613384334,0.0,0.0,0.13839214974983963
data\Audio_Dataset\Real\Telugu\9434.mp3,-230.8415571959041,65.79158897219946,-29.782551809898386,31.515237048736463,-41.80854828566605,-6.596360329583872,-34.37834767605105,-10.903575065286544,-21.755224875063515,-13.948113456731393,-7.975881086231268,-17.822324375092055,3.04094771268018,0.0,0.0,0.15533382871945844
data\Audio_Dataset\Real\Telugu\9436.mp3,-276.8148021920779,50.92730846955927,-26.16327795858341,37.89104410320474,-19.35530286960033,2.667033019496024,-21.177746929490258,-16.395987473035703,-15.279058501853543,-11.372671091070705,-14.56038410498339,-8.11151200965704,1.1693871945206968,0.0,0.0,0.15008415865552266
data\Audio_Dataset\Real\Telugu\9459.mp3,-251.5237602937838,62.94534316330063,-21.095727213998444,32.25326552091149,-39.94771368233864,-1.791904237679941,-31.42582179278056,-16.441968547541148,-19.004431604994934,-13.567766363681708,-13.737242174798833,-14.182853782980764,3.9395651728150867,0.0,0.0,0.13734579340561726
data\Audio_Dataset\Real\Telugu\9509.mp3,-272.7378996964543,57.343158865821955,-32.74201783377264,25.691137207250268,-32.025572936975514,-1.2399407327184047,-28.320528016625747,-15.917291329729734,-16.313926093888742,-6.915310924524026,-14.303270816111093,-12.155995854574224,1.6332153053679277,0.0,0.0,0.11143758139916225
data\Audio_Dataset\Real\Telugu\9559.mp3,-212.41635738456188,79.75468414016338,-16.372783544501093,46.20788939813499,-31.342247323944413,-2.714333539909408,-18.357247290271665,-2.5642545043332245,-14.01097602643767,-5.982205019254843,-11.217106025587558,-10.75025613314373,1.9354203415929065,0.0,0.0,0.16990039984607577
data\Audio_Dataset\Real\Telugu\9601.mp3,-286.0860789870063,70.16138550798678,-9.319043959116375,30.6411289777602,-30.73589700237182,-2.3346410444443504,-23.407694028295428,-13.065922173538988,-14.47409511531066,-14.12473079793628,-8.791500932888706,-12.379549443586871,3.1158219430308622,0.0,0.0,0.14030397693685065
data\Audio_Dataset\Real\Telugu\9622.mp3,-225.95829970453494,119.35569699712295,-14.36837205610554,42.42698936742932,17.41528842197505,-9.648560470994763,-8.28813807111479,-2.1270425043202805,3.400194076885936,-10.35800826057608,-7.2823369326709075,0.9738760085790605,-6.019322477945539,0.0,0.0,0.14795173363342623
data\Audio_Dataset\Real\Telugu\9628.mp3,-296.0293231210524,94.95862582767137,-23.114115223468147,10.155832022574115,3.72308130977169,-17.41992710029372,-11.633889230211576,-28.596919980983202,-24.630001071156034,-11.236730349076405,-9.380793285681815,-10.435812854549553,-14.839411244553494,0.0,0.0,0.07969656802167695
data\Audio_Dataset\Real\Telugu\9677.mp3,-170.13865912925755,70.98599293155164,-15.804186606590722,8.734771257068422,-7.168930412003247,-8.965672755712731,-12.871630415805848,-12.017636403792764,-14.593498304655256,-9.083294307494675,-6.711081980397588,-12.36393947871749,-10.227962135738771,0.0,0.0,0.22409264639541845
data\Audio_Dataset\Real\Telugu\9715.mp3,-243.93540505988244,19.42571231067526,36.98530946547015,54.446204958726014,-29.019120576975478,-1.5983436395533508,-14.74027051516696,-8.310464339040715,-23.219857563563284,3.297476488155432,-8.2545707348707,-11.052443781341784,0.1835731747164325,0.0,0.0,0.1552985824055671
data\Audio_Dataset\Real\Telugu\9732.mp3,-245.14144750920377,83.17869845031058,-11.657340959109336,38.652847653195444,-20.156181570405305,-10.424054797240428,-26.57682087139483,-4.98006318439275,-14.885859480916215,-6.548037604697898,-8.436530836708492,-9.44242565104459,5.825941593594204,0.0,0.0,0.15234670576178908
data\Audio_Dataset\Real\Telugu\9740.mp3,-244.17458269161506,57.987698397035054,-16.538183075472986,23.92073498598134,-43.0285668419318,9.96332494146257,-31.085261653418073,-14.04536061368386,-8.541105038242746,-12.202890159961054,-6.330020903460336,-12.26105215531398,7.797233691775802,0.0,0.0,0.15024032115644312
data\Audio_Dataset\Real\Telugu\9797.mp3,-223.2102697685804,88.00599650798064,-22.159562578720763,26.209629415299357,-35.266863068317036,17.65180116301379,-27.107998697944613,-3.352985862318673,-7.858343082845866,-6.95850162839857,-11.060912095058226,-9.651063042867358,3.5660590876309093,0.0,0.0,0.19327421332681594
data\Audio_Dataset\Real\Telugu\9840.mp3,-266.7293818726963,61.96855204958343,-1.228262447015574,26.04782840316152,-30.236349436711627,7.532013391356066,-29.186436175912338,-9.347230343856427,-9.206995605073713,-13.513048468944712,-11.480013658437164,-4.012087166745555,-4.165722169748417,0.0,0.0,0.12570830472753694
data\Audio_Dataset\Real\Telugu\9858.mp3,-276.9961134751753,97.30423754202525,-27.212416145107344,31.217024392959775,2.5095038021534277,-19.641096011332312,-13.699474071406735,-33.529323563411765,-20.369360000800935,-7.132214261010426,-9.478477674866692,-12.129095139009156,-18.009095848543428,0.0,0.0,0.09052892950068873
data\Audio_Dataset\Real\Telugu\9889.mp3,-211.48165483401752,137.70496318912927,-12.466134210178192,38.27789360337612,8.621344193098741,-9.302052991396112,-2.9885395118899285,1.4027065498062297,0.7407588166435533,-10.62874298770048,-3.1570401141036015,-5.908980109547952,-5.729502465323508,0.0,0.0,0.15149834040387355
data\Audio_Dataset\Real\Telugu\9909.mp3,-277.7214645947589,79.23266222371464,8.360704185736633,34.742654675444314,-22.772533607254257,5.447664140184763,-19.537277641257795,-2.2780275321273527,-12.109402386252691,-1.8816722410424296,-15.467161191819342,-4.329879447197416,-4.54689517855011,0.0,0.0,0.1589760532052252
data\Audio_Dataset\Real\Telugu\9917.mp3,-267.9321052267691,75.20513008214634,-17.46141028857845,33.573459527846836,-18.696872360930378,3.6883055073365782,-18.326246137099314,0.6807428345273637,-7.8829058840732165,-2.857533881904544,-9.4396858988051,-6.854402763646114,1.5246990009916672,0.0,0.0,0.13762557511195694
data\Audio_Dataset\Real\Telugu\9944.mp3,-190.98547858865007,98.86159380309033,-13.687336849319822,30.178383943049138,-4.083870707985695,-5.056918264748595,6.778140402320312,-11.675512341399285,-14.71916509826559,-3.795130345895194,-10.189604344698779,-4.279603688471074,-1.9351998707524096,0.0,0.0,0.12993512455732292
data\Audio_Dataset\Real\Telugu\9995.mp3,-167.85598272329435,122.9850150377724,-19.16986222871673,25.565875867721736,-2.83715844132283,-3.116264863578119,-8.289052561608369,-10.177376807084743,-2.8403832005541916,-9.224988027562068,-6.124157371588556,-4.8183170877586345,-7.311636282532781,0.0,0.0,0.14514475510562586
data\Audio_Dataset\Real\Telugu\9996.mp3,-294.79703065576274,103.2106481689988,0.747116499686811,5.640367435812419,-13.188457299616307,-9.082281248200513,-9.787041544084044,-19.487812718240676,-16.027950637677236,2.682987337406094,-7.531530676005813,-9.192356988854916,-6.25802762038961,0.0,0.0,0.09337444531851902
